Arbeitstreffen;LeineLab;2020-04-02-19-00
Arbeitstreffen;LeineLab;2020-04-09-19-00
Arbeitstreffen;LeineLab;2020-04-16-19-00
Arbeitstreffen;LeineLab;2020-04-23-19-00
Arbeitstreffen;LeineLab;2020-04-30-19-00
Arbeitstreffen;LeineLab;2020-05-07-19-00
Arbeitstreffen;LeineLab;2020-05-14-19-00
Arbeitstreffen;LeineLab;2020-05-21-19-00
Arbeitstreffen;LeineLab;2020-05-28-19-00
Arbeitstreffen;LeineLab;2020-06-04-19-00
Arbeitstreffen;LeineLab;2020-06-11-19-00
Arbeitstreffen;LeineLab;2020-06-18-19-00
Arbeitstreffen;LeineLab;2020-06-25-19-00
Arbeitstreffen;LeineLab;2020-07-02-19-00
Arbeitstreffen;LeineLab;2020-07-09-19-00
Arbeitstreffen;LeineLab;2020-07-16-19-00
Arbeitstreffen;LeineLab;2020-07-23-19-00
Arbeitstreffen;LeineLab;2020-07-30-19-00
Arbeitstreffen;LeineLab;2020-08-06-19-00
Arbeitstreffen;LeineLab;2020-08-13-19-00
Arbeitstreffen;LeineLab;2020-08-20-19-00
Arbeitstreffen;LeineLab;2020-08-27-19-00
Arbeitstreffen;LeineLab;2020-09-03-19-00
Arbeitstreffen;LeineLab;2020-09-10-19-00
Arbeitstreffen;LeineLab;2020-09-17-19-00
Arbeitstreffen;LeineLab;2020-09-24-19-00
Arbeitstreffen;LeineLab;2020-10-01-19-00
Arbeitstreffen;LeineLab;2020-10-08-19-00
Arbeitstreffen;LeineLab;2020-10-15-19-00
Arbeitstreffen;LeineLab;2020-10-22-19-00
Arbeitstreffen;LeineLab;2020-10-29-19-00
Arbeitstreffen;LeineLab;2020-11-05-19-00
Arbeitstreffen;LeineLab;2020-11-12-19-00
Arbeitstreffen;LeineLab;2020-11-19-19-00
Arbeitstreffen;LeineLab;2020-11-26-19-00
Arbeitstreffen;LeineLab;2020-12-03-19-00
Arbeitstreffen;LeineLab;2020-12-10-19-00
Arbeitstreffen;LeineLab;2020-12-17-19-00
